<?xml version="1.0" encoding="UTF-8"?>
<beans xmlns="http://www.springframework.org/schema/beans"
	xmlns:xsi="http://www.w3.org/2001/XMLSchema-instance"
	xmlns:context="http://www.springframework.org/schema/context"
	xmlns:mybatis-spring="http://mybatis.org/schema/mybatis-spring"
	xmlns:aop="http://www.springframework.org/schema/aop"
	xmlns:tx="http://www.springframework.org/schema/tx"
	xsi:schemaLocation="http://mybatis.org/schema/mybatis-spring http://mybatis.org/schema/mybatis-spring-1.2.xsd
		http://www.springframework.org/schema/beans https://www.springframework.org/schema/beans/spring-beans.xsd
		http://www.springframework.org/schema/context http://www.springframework.org/schema/context/spring-context-4.3.xsd
		http://www.springframework.org/schema/aop http://www.springframework.org/schema/aop/spring-aop-4.3.xsd
		http://www.springframework.org/schema/tx http://www.springframework.org/schema/tx/spring-tx-4.3.xsd">
	
	<!-- Root Context: defines shared resources visible to all other web components -->
	<bean id="hikariConfig" class="com.zaxxer.hikari.HikariConfig">
		<property name="driverClassName" value="oracle.jdbc.driver.OracleDriver"/>
		<property name="jdbcUrl" value="jdbc:oracle:thin:@localhost:1521:orcl"/>
		<property name="username" value="system"/>
		<property name="password" value="1234"/>
	</bean>

	<bean id="dsHikariCP" class="com.zaxxer.hikari.HikariDataSource" destroy-method="close">
		<constructor-arg ref="hikariConfig" />
	</bean>

	<bean id="sqlSessFactory" class="org.mybatis.spring.SqlSessionFactoryBean">
		<property name="dataSource" ref="dsHikariCP"/>
	</bean>
	
	
	<bean id="txManager" class="org.springframework.jdbc.datasource.DataSourceTransactionManager">
	<property name="dataSource" ref="dsHikariCP"/>
	</bean>
	<tx:annotation-driven/>
	
	
	<context:component-scan base-package="www.dream.com.party.service"/>
	<context:component-scan base-package="www.dream.com.bulletinBoard.service"/>
	<context:component-scan base-package="www.dream.com.common.attachFile.service"/>
	<context:component-scan base-package="www.dream.com.hashTag.service"/>
	
	<mybatis-spring:scan base-package="www.dream.com.common.persistence"/>
	<mybatis-spring:scan base-package="www.dream.com.common.attachFile.persistence"/>
	
	
	<mybatis-spring:scan base-package="www.dream.com.party.persistence"/>
	<mybatis-spring:scan base-package="www.dream.com.bulletinBoard.persistence"/>
	<mybatis-spring:scan base-package="www.dream.com.hashTag.persistence"/>
	
	
	<mybatis-spring:scan base-package="www.dream.com.selectKey.persistence"/>
	<aop:aspectj-autoproxy></aop:aspectj-autoproxy>
	
</beans>
